{"cameraMode":{"drawMode":0,"name":"Shaded","section":"Shading Mode"},"sceneLighting":true,"audioPlay":false,"sceneViewState":{"showFog":true,"showMaterialUpdate":false,"showSkybox":true,"showFlares":true,"showImageEffects":true,"showParticleSystems":true},"in2DMode":false,"pivot":{"x":-6.946576118469238,"y":-38.623291015625,"z":22.78510856628418},"rotation":{"x":0.24482764303684236,"y":-0.7290862798690796,"z":0.3247687518596649,"w":0.5506582856178284},"size":36.89461898803711,"orthographic":false}