{"cameraMode":{"drawMode":0,"name":"Shaded","section":"Shading Mode"},"sceneLighting":true,"audioPlay":false,"sceneViewState":{"showFog":true,"showMaterialUpdate":false,"showSkybox":true,"showFlares":true,"showImageEffects":true,"showParticleSystems":true},"in2DMode":false,"pivot":{"x":-8.425471305847168,"y":-2.718243360519409,"z":8.823901176452637},"rotation":{"x":-0.2350071668624878,"y":0.509253740310669,"z":-0.14689859747886659,"w":-0.8148155808448792},"size":8.995226860046387,"orthographic":false}