{"cameraMode":{"drawMode":0,"name":"Shaded","section":"Shading Mode"},"sceneLighting":true,"audioPlay":false,"sceneViewState":{"showFog":true,"showMaterialUpdate":false,"showSkybox":true,"showFlares":true,"showImageEffects":true,"showParticleSystems":true},"in2DMode":false,"pivot":{"x":-193.7596435546875,"y":-317.4871826171875,"z":-334.8578186035156},"rotation":{"x":-0.08650168776512146,"y":0.9101837277412415,"z":-0.32433655858039858,"w":-0.24281562864780427},"size":261.089599609375,"orthographic":false}