{"cameraMode":{"drawMode":0,"name":"Shaded","section":"Shading Mode"},"sceneLighting":false,"audioPlay":false,"sceneViewState":{"showFog":true,"showMaterialUpdate":false,"showSkybox":false,"showFlares":true,"showImageEffects":true,"showParticleSystems":true},"in2DMode":false,"pivot":{"x":0.0849996954202652,"y":-2.4586915969848635e-7,"z":-0.5252283811569214},"rotation":{"x":0.24362905323505402,"y":-0.7174080610275269,"z":0.30303215980529787,"w":0.5782419443130493},"size":0.6379315257072449,"orthographic":false}