{"cameraMode":{"drawMode":0,"name":"Shaded","section":"Shading Mode"},"sceneLighting":false,"audioPlay":false,"sceneViewState":{"showFog":true,"showMaterialUpdate":false,"showSkybox":false,"showFlares":true,"showImageEffects":true,"showParticleSystems":true},"in2DMode":false,"pivot":{"x":18.462209701538087,"y":0.7421084046363831,"z":52.320831298828128},"rotation":{"x":-0.03302808478474617,"y":0.9045910835266113,"z":-0.41906023025512698,"w":-0.07187337428331375},"size":4.766025543212891,"orthographic":false}