{"cameraMode":{"drawMode":0,"name":"Shaded","section":"Shading Mode"},"sceneLighting":true,"audioPlay":false,"sceneViewState":{"showFog":true,"showMaterialUpdate":false,"showSkybox":true,"showFlares":true,"showImageEffects":true,"showParticleSystems":true},"in2DMode":false,"pivot":{"x":-36.75663757324219,"y":-64.96211242675781,"z":-16.591552734375},"rotation":{"x":0.16397246718406678,"y":-0.8280195593833923,"z":0.31215283274650576,"w":0.4362025260925293},"size":60.90639877319336,"orthographic":false}