{"cameraMode":{"drawMode":0,"name":"Shaded","section":"Shading Mode"},"sceneLighting":false,"audioPlay":false,"sceneViewState":{"showFog":true,"showMaterialUpdate":false,"showSkybox":false,"showFlares":true,"showImageEffects":true,"showParticleSystems":true},"in2DMode":false,"pivot":{"x":33.32756423950195,"y":3.5366203784942629,"z":24.531681060791017},"rotation":{"x":-0.03386024385690689,"y":-0.9553258419036865,"z":0.26779597997665408,"w":-0.1207270696759224},"size":4.73419189453125,"orthographic":false}