{"cameraMode":{"drawMode":0,"name":"Shaded","section":"Shading Mode"},"sceneLighting":false,"audioPlay":false,"sceneViewState":{"showFog":true,"showMaterialUpdate":false,"showSkybox":false,"showFlares":true,"showImageEffects":true,"showParticleSystems":true},"in2DMode":false,"pivot":{"x":-0.8255813121795654,"y":-0.12191438674926758,"z":0.6386783123016357},"rotation":{"x":0.12797163426876069,"y":-0.8708175420761108,"z":0.31340062618255618,"w":0.35678285360336306},"size":3.007394790649414,"orthographic":false}