{"cameraMode":{"drawMode":0,"name":"Shaded","section":"Shading Mode"},"sceneLighting":false,"audioPlay":false,"sceneViewState":{"showFog":true,"showMaterialUpdate":false,"showSkybox":false,"showFlares":true,"showImageEffects":true,"showParticleSystems":true},"in2DMode":false,"pivot":{"x":-6.247352123260498,"y":-32.09992599487305,"z":14.882505416870118},"rotation":{"x":0.14119736850261689,"y":-0.8295548558235169,"z":0.24350585043430329,"w":0.4825138747692108},"size":0.6073950529098511,"orthographic":false}