{"cameraMode":{"drawMode":0,"name":"Shaded","section":"Shading Mode"},"sceneLighting":false,"audioPlay":false,"sceneViewState":{"showFog":true,"showMaterialUpdate":false,"showSkybox":false,"showFlares":true,"showImageEffects":true,"showParticleSystems":true},"in2DMode":false,"pivot":{"x":-0.7191130518913269,"y":1.0995173454284669,"z":-0.04496365785598755},"rotation":{"x":0.0050942967645823959,"y":-0.9742063283920288,"z":0.22483357787132264,"w":0.023671751841902734},"size":1.5872492790222169,"orthographic":false}