{"cameraMode":{"drawMode":0,"name":"Shaded","section":"Shading Mode"},"sceneLighting":true,"audioPlay":false,"sceneViewState":{"showFog":true,"showMaterialUpdate":false,"showSkybox":true,"showFlares":true,"showImageEffects":true,"showParticleSystems":true},"in2DMode":false,"pivot":{"x":-32.568416595458987,"y":-35.53048324584961,"z":6.162878036499023},"rotation":{"x":0.18822142481803895,"y":-0.7442503571510315,"z":0.23562291264533997,"w":0.5961213111877441},"size":50.999813079833987,"orthographic":false}