{"cameraMode":{"drawMode":0,"name":"Shaded","section":"Shading Mode"},"sceneLighting":false,"audioPlay":false,"sceneViewState":{"showFog":true,"showMaterialUpdate":false,"showSkybox":false,"showFlares":true,"showImageEffects":true,"showParticleSystems":true},"in2DMode":false,"pivot":{"x":2.384185791015625e-7,"y":1.8714234828948975,"z":-0.03748524188995361},"rotation":{"x":-0.1883832961320877,"y":0.811201810836792,"z":-0.4057752788066864,"w":-0.3766689598560333},"size":1.4409886598587037,"orthographic":false}