{"cameraMode":{"drawMode":0,"name":"Shaded","section":"Shading Mode"},"sceneLighting":false,"audioPlay":false,"sceneViewState":{"showFog":true,"showMaterialUpdate":false,"showSkybox":false,"showFlares":true,"showImageEffects":true,"showParticleSystems":true},"in2DMode":false,"pivot":{"x":26.619901657104493,"y":4.07719612121582,"z":33.083255767822269},"rotation":{"x":-0.003397361608222127,"y":-0.9405319094657898,"z":0.33991768956184389,"w":-0.008118775673210621},"size":10.0,"orthographic":false}