{"cameraMode":{"drawMode":0,"name":"Shaded","section":"Shading Mode"},"sceneLighting":false,"audioPlay":false,"sceneViewState":{"showFog":true,"showMaterialUpdate":false,"showSkybox":false,"showFlares":true,"showImageEffects":true,"showParticleSystems":true},"in2DMode":false,"pivot":{"x":-0.17532242834568025,"y":0.0699058324098587,"z":0.23352234065532685},"rotation":{"x":0.17670457065105439,"y":-0.6753721833229065,"z":0.17223699390888215,"w":0.6951251029968262},"size":1.195115089416504,"orthographic":false}