{"cameraMode":{"drawMode":0,"name":"Shaded","section":"Shading Mode"},"sceneLighting":true,"audioPlay":false,"sceneViewState":{"showFog":true,"showMaterialUpdate":false,"showSkybox":true,"showFlares":true,"showImageEffects":true,"showParticleSystems":true},"in2DMode":false,"pivot":{"x":-438.0569152832031,"y":-252.17677307128907,"z":-298.4579162597656},"rotation":{"x":-0.11125090718269348,"y":0.8604093790054321,"z":-0.21371424198150636,"w":-0.44926539063453677},"size":286.22113037109377,"orthographic":false}