{"cameraMode":{"drawMode":0,"name":"Shaded","section":"Shading Mode"},"sceneLighting":true,"audioPlay":false,"sceneViewState":{"showFog":true,"showMaterialUpdate":false,"showSkybox":true,"showFlares":true,"showImageEffects":true,"showParticleSystems":true},"in2DMode":false,"pivot":{"x":-200.6825408935547,"y":-120.95301818847656,"z":226.80377197265626},"rotation":{"x":0.17559099197387696,"y":-0.41613295674324038,"z":0.08270354568958283,"w":0.8884862065315247},"size":169.0012969970703,"orthographic":false}