{"cameraMode":{"drawMode":0,"name":"Shaded","section":"Shading Mode"},"sceneLighting":false,"audioPlay":false,"sceneViewState":{"showFog":true,"showMaterialUpdate":false,"showSkybox":false,"showFlares":true,"showImageEffects":true,"showParticleSystems":true},"in2DMode":false,"pivot":{"x":-0.15551495552062989,"y":-0.04532003402709961,"z":0.5608202815055847},"rotation":{"x":0.2622217535972595,"y":-0.71737140417099,"z":0.34574776887893679,"w":0.5452446937561035},"size":3.3000171184539797,"orthographic":false}